metric,value
generated,2026-05-30 17:08:52
data_files,8643
data_gb,13.128656521439552
metadata_files,6
gas_files,2
script_files,2
fallback_copies,0
package_files,8656
package_gb,13.13376456219703
metadata_gb,0.002592656761407852
gas_gb,0.0024764901027083397
scripts_gb,3.293156623840332e-05
