metric,value
generated,2026-06-16 11:21:04
data_files,8643
data_gb,13.128656521439552
metadata_files,9
gas_files,2
script_files,3
fallback_copies,0
package_files,8660
package_gb,13.136443311348557
metadata_gb,0.005262717604637146
gas_gb,0.0024764901027083397
scripts_gb,4.073884338140488e-05
